ID,Term,Abbreviation / Expansion,Plain-Language Definition,Category,Specialty,NCLEX Relevance,Related Terms,Editorial Status,Search Keywords
1,ABC,"Airway, Breathing, Circulation",A priority framework used to address immediate threats to life.,Fundamentals,All,High,CAB; Primary survey,Curated core release,"abc airway, breathing, circulation cab; primary survey"
2,Abduction,,Movement away from the body's midline.,Anatomy & Physiology,All,Medium,Adduction; Range of motion,Curated core release,abduction  adduction; range of motion
3,ABG,Arterial blood gas,"A blood test measuring oxygenation, ventilation, and acid-base status.",Labs & Diagnostics,Critical Care,High,pH; PaCO2; HCO3; PaO2,Curated core release,abg arterial blood gas ph; paco2; hco3; pao2
4,Acidosis,,A state in which blood pH is below the normal range.,Acid-Base,Critical Care,High,Respiratory acidosis; Metabolic acidosis,Curated core release,acidosis  respiratory acidosis; metabolic acidosis
5,Acute coronary syndrome,ACS,"A group of conditions caused by sudden reduction of blood flow to the heart, including myocardial infarction and unstable angina.",Cardiovascular,Cardiac,High,Myocardial infarction; Angina,Curated core release,acute coronary syndrome acs myocardial infarction; angina
6,Acute kidney injury,AKI,A sudden decline in kidney function that causes waste products and fluid to accumulate.,Renal,Med-Surg,High,Creatinine; Urine output,Curated core release,acute kidney injury aki creatinine; urine output
7,Adduction,,Movement toward the body's midline.,Anatomy & Physiology,All,Medium,Abduction; Range of motion,Curated core release,adduction  abduction; range of motion
8,ADL,Activities of daily living,"Basic self-care tasks such as bathing, dressing, eating, toileting, and mobility.",Fundamentals,All,High,IADL; Functional status,Curated core release,adl activities of daily living iadl; functional status
9,Advance directive,,A legal document stating a person's healthcare wishes if they cannot communicate them.,Ethics & Legal,All,High,Living will; Healthcare proxy,Curated core release,advance directive  living will; healthcare proxy
10,Adverse effect,,An unintended and harmful response to a medication or treatment.,Pharmacology,All,High,Side effect; Contraindication,Curated core release,adverse effect  side effect; contraindication
11,Afterload,,The resistance the ventricle must overcome to eject blood.,Cardiovascular,Critical Care,High,Preload; Stroke volume,Curated core release,afterload  preload; stroke volume
12,Agonist,,A substance that binds to a receptor and activates a response.,Pharmacology,All,Medium,Antagonist; Receptor,Curated core release,agonist  antagonist; receptor
13,Airborne precautions,,Infection-control measures for pathogens that remain suspended in the air.,Infection Control,All,High,N95 respirator; Negative-pressure room,Curated core release,airborne precautions  n95 respirator; negative-pressure room
14,Albumin,,A major blood protein that helps maintain oncotic pressure and transports substances.,Labs & Diagnostics,Med-Surg,Medium,Oncotic pressure; Edema,Curated core release,albumin  oncotic pressure; edema
15,Albuterol,,A short-acting beta2 agonist bronchodilator used to relieve bronchospasm.,Pharmacology,Respiratory,High,Bronchodilator; Asthma,Curated core release,albuterol  bronchodilator; asthma
16,Aldosterone,,A hormone that promotes sodium and water retention and potassium excretion.,Endocrine,Med-Surg,Medium,RAAS; Potassium; Sodium,Curated core release,aldosterone  raas; potassium; sodium
17,Alkalosis,,A state in which blood pH is above the normal range.,Acid-Base,Critical Care,High,Respiratory alkalosis; Metabolic alkalosis,Curated core release,alkalosis  respiratory alkalosis; metabolic alkalosis
18,Anaphylaxis,,"A severe, rapid systemic allergic reaction that can compromise the airway and circulation.",Emergency,ER,High,Epinephrine; Airway; Shock,Curated core release,anaphylaxis  epinephrine; airway; shock
19,Anemia,,A reduction in red blood cells or hemoglobin that decreases oxygen-carrying capacity.,Hematology,Med-Surg,High,Hemoglobin; Hematocrit,Curated core release,anemia  hemoglobin; hematocrit
20,Angina pectoris,,Chest discomfort caused by temporary myocardial ischemia.,Cardiovascular,Cardiac,High,Ischemia; Nitroglycerin; ACS,Curated core release,angina pectoris  ischemia; nitroglycerin; acs
21,Antagonist,,A substance that blocks or reduces the action of a receptor or another substance.,Pharmacology,All,Medium,Agonist; Receptor,Curated core release,antagonist  agonist; receptor
22,Antibody,,A protein made by the immune system that recognizes a specific antigen.,Immunology,All,Medium,Antigen; Immunity,Curated core release,antibody  antigen; immunity
23,Anticoagulant,,A medication that reduces the blood's ability to form clots.,Pharmacology,All,High,Heparin; Warfarin; Bleeding,Curated core release,anticoagulant  heparin; warfarin; bleeding
24,Antiemetic,,A medication used to prevent or treat nausea and vomiting.,Pharmacology,All,Medium,Ondansetron; Nausea,Curated core release,antiemetic  ondansetron; nausea
25,Antigen,,A substance that can trigger an immune response.,Immunology,All,Medium,Antibody; Immunity,Curated core release,antigen  antibody; immunity
26,Antipyretic,,A medication used to reduce fever.,Pharmacology,All,Medium,Acetaminophen; Fever,Curated core release,antipyretic  acetaminophen; fever
27,Anuria,,Extremely low or absent urine production.,Renal,Med-Surg,High,Oliguria; AKI,Curated core release,anuria  oliguria; aki
28,Aphasia,,"Impaired ability to understand or produce language, often after brain injury or stroke.",Neurologic,Neuro,High,Dysphasia; Stroke,Curated core release,aphasia  dysphasia; stroke
29,Apnea,,Temporary cessation of breathing.,Respiratory,All,High,Hypoventilation; Respiratory arrest,Curated core release,apnea  hypoventilation; respiratory arrest
30,Ascites,,Abnormal accumulation of fluid in the abdominal cavity.,Gastrointestinal,Med-Surg,High,Cirrhosis; Fluid balance,Curated core release,ascites  cirrhosis; fluid balance
31,Asepsis,,Practices used to prevent contamination by disease-causing microorganisms.,Infection Control,All,High,Sterile technique; Medical asepsis,Curated core release,asepsis  sterile technique; medical asepsis
32,Aspiration,,"Entry of food, fluid, secretions, or foreign material into the airway.",Respiratory,All,High,Dysphagia; Aspiration precautions,Curated core release,aspiration  dysphagia; aspiration precautions
33,Asthma,,A chronic inflammatory airway disorder characterized by variable airflow obstruction and bronchospasm.,Respiratory,Respiratory,High,Wheezing; Albuterol,Curated core release,asthma  wheezing; albuterol
34,Ataxia,,Impaired coordination or balance.,Neurologic,Neuro,Medium,Cerebellum; Fall risk,Curated core release,ataxia  cerebellum; fall risk
35,Atelectasis,,"Collapse or incomplete expansion of alveoli, reducing gas exchange.",Respiratory,Med-Surg,High,Incentive spirometry; Hypoxemia,Curated core release,atelectasis  incentive spirometry; hypoxemia
36,Atrial fibrillation,AFib,An irregular atrial rhythm that can reduce cardiac efficiency and increase stroke risk.,Cardiovascular,Cardiac,High,Anticoagulation; Dysrhythmia,Curated core release,atrial fibrillation afib anticoagulation; dysrhythmia
37,Autonomy,,The ethical principle that patients have the right to make informed decisions about their care.,Ethics & Legal,All,High,Informed consent; Capacity,Curated core release,autonomy  informed consent; capacity
38,Bacteremia,,Presence of bacteria in the bloodstream.,Infection,Critical Care,Medium,Sepsis; Blood culture,Curated core release,bacteremia  sepsis; blood culture
39,Beneficence,,The ethical duty to act for the patient's benefit.,Ethics & Legal,All,High,Nonmaleficence; Ethics,Curated core release,beneficence  nonmaleficence; ethics
40,Bilirubin,,A yellow pigment produced from red blood cell breakdown and processed by the liver.,Labs & Diagnostics,Med-Surg,Medium,Jaundice; Liver function,Curated core release,bilirubin  jaundice; liver function
41,Blood culture,,A laboratory test used to detect microorganisms in the bloodstream.,Labs & Diagnostics,Critical Care,High,Bacteremia; Sepsis,Curated core release,blood culture  bacteremia; sepsis
42,Blood urea nitrogen,BUN,A blood measurement of urea nitrogen used with other findings to assess kidney function and hydration.,Labs & Diagnostics,Renal,High,Creatinine; Renal function,Curated core release,blood urea nitrogen bun creatinine; renal function
43,Bolus,,A medication or fluid dose given over a relatively short period.,Pharmacology,All,High,IV infusion; Loading dose,Curated core release,bolus  iv infusion; loading dose
44,Bowel sounds,,Sounds produced by movement of contents through the gastrointestinal tract and heard during abdominal assessment.,Assessment,Med-Surg,High,Auscultation; Ileus,Curated core release,bowel sounds  auscultation; ileus
45,Braden Scale,,A tool used to estimate a patient's risk for developing a pressure injury.,Safety,All,High,Pressure injury; Skin assessment,Curated core release,braden scale  pressure injury; skin assessment
46,Bradycardia,,A heart rate slower than the expected range for the patient's age and condition.,Cardiovascular,Cardiac,High,Atropine; Heart rate,Curated core release,bradycardia  atropine; heart rate
47,Bradypnea,,A respiratory rate slower than the expected range.,Respiratory,All,Medium,Tachypnea; Respiratory depression,Curated core release,bradypnea  tachypnea; respiratory depression
48,Bronchodilator,,A medication that relaxes airway smooth muscle and widens the bronchi.,Pharmacology,Respiratory,High,Albuterol; Bronchospasm,Curated core release,bronchodilator  albuterol; bronchospasm
49,Bronchospasm,,Constriction of bronchial smooth muscle that narrows the airways.,Respiratory,Respiratory,High,Wheezing; Bronchodilator,Curated core release,bronchospasm  wheezing; bronchodilator
50,CAB,"Compressions, Airway, Breathing",The adult basic life support sequence emphasizing early chest compressions.,Emergency,ER,High,CPR; ABC,Curated core release,"cab compressions, airway, breathing cpr; abc"
51,Capillary refill,,A quick assessment of peripheral perfusion based on how rapidly color returns after pressure is released.,Assessment,All,High,Perfusion; Circulation,Curated core release,capillary refill  perfusion; circulation
52,Cardiac output,CO,The amount of blood pumped by the heart each minute; heart rate multiplied by stroke volume.,Cardiovascular,Critical Care,High,Stroke volume; Heart rate,Curated core release,cardiac output co stroke volume; heart rate
53,Cardiopulmonary resuscitation,CPR,Emergency chest compressions with ventilation support used when a person has no effective circulation.,Emergency,All,High,CAB; Cardiac arrest,Curated core release,cardiopulmonary resuscitation cpr cab; cardiac arrest
54,Catheter-associated urinary tract infection,CAUTI,A urinary tract infection associated with an indwelling urinary catheter.,Infection Control,All,High,Foley catheter; UTI,Curated core release,catheter-associated urinary tract infection cauti foley catheter; uti
55,Central line-associated bloodstream infection,CLABSI,A bloodstream infection associated with a central venous catheter.,Infection Control,Critical Care,High,Central line; Hand hygiene,Curated core release,central line-associated bloodstream infection clabsi central line; hand hygiene
56,Central venous catheter,CVC,"A catheter whose tip lies in a large central vein, used for selected infusions, monitoring, or long-term access.",IV Therapy,Critical Care,High,Central line; CLABSI,Curated core release,central venous catheter cvc central line; clabsi
57,Cerebrovascular accident,CVA,A stroke caused by interrupted blood flow or bleeding in the brain.,Neurologic,Neuro,High,FAST; Ischemic stroke; Hemorrhagic stroke,Curated core release,cerebrovascular accident cva fast; ischemic stroke; hemorrhagic stroke
58,Chest tube,,"A tube inserted into the pleural space to remove air, blood, or fluid and help restore normal pressure.",Respiratory,Critical Care,High,Pneumothorax; Pleural drainage,Curated core release,chest tube  pneumothorax; pleural drainage
59,Chronic obstructive pulmonary disease,COPD,"A chronic lung disease with persistent airflow limitation, commonly including emphysema and chronic bronchitis.",Respiratory,Respiratory,High,Hypoxemia; Bronchodilator,Curated core release,chronic obstructive pulmonary disease copd hypoxemia; bronchodilator
60,Cirrhosis,,Chronic scarring and dysfunction of the liver.,Gastrointestinal,Med-Surg,High,Ascites; Portal hypertension,Curated core release,cirrhosis  ascites; portal hypertension
61,Clinical judgment,,"The process of recognizing and analyzing patient information, prioritizing concerns, taking action, and evaluating outcomes.",NCLEX Skills,All,High,Clinical judgment model; Prioritization,Curated core release,clinical judgment  clinical judgment model; prioritization
62,Clonus,,"Rhythmic involuntary muscle contractions triggered by sudden stretching, sometimes associated with neurologic hyperexcitability.",Neurologic,L&D,High,Preeclampsia; Hyperreflexia,Curated core release,clonus  preeclampsia; hyperreflexia
63,Clostridioides difficile,C. difficile,A bacterium that can cause antibiotic-associated diarrhea and colitis.,Infection Control,Med-Surg,High,Contact precautions; Soap and water,Curated core release,clostridioides difficile c. difficile contact precautions; soap and water
64,Code status,,A patient's documented preferences about resuscitation and life-sustaining treatment.,Ethics & Legal,All,High,DNR; Full code,Curated core release,code status  dnr; full code
65,Complete blood count,CBC,"A blood test that measures major blood cell components, including red cells, white cells, hemoglobin, hematocrit, and platelets.",Labs & Diagnostics,All,High,Hemoglobin; WBC; Platelets,Curated core release,complete blood count cbc hemoglobin; wbc; platelets
66,Confusion,,"Impaired clarity of thought, awareness, or orientation.",Neurologic,All,High,Delirium; Altered mental status,Curated core release,confusion  delirium; altered mental status
67,Constipation,,Infrequent or difficult passage of stool.,Gastrointestinal,All,Medium,Bowel regimen; Fiber,Curated core release,constipation  bowel regimen; fiber
68,Contact precautions,,Measures used to prevent spread of organisms transmitted by direct or indirect contact.,Infection Control,All,High,Gown; Gloves,Curated core release,contact precautions  gown; gloves
69,Contraindication,,"A condition or factor that makes a treatment, medication, or procedure inadvisable.",Pharmacology,All,High,Precaution; Adverse effect,Curated core release,contraindication  precaution; adverse effect
70,Crackles,,Discontinuous lung sounds often associated with fluid or reopening of collapsed small airways.,Assessment,Respiratory,High,Rales; Pulmonary edema,Curated core release,crackles  rales; pulmonary edema
71,Creatinine,,A waste product commonly measured to help assess kidney filtration.,Labs & Diagnostics,Renal,High,BUN; eGFR,Curated core release,creatinine  bun; egfr
72,Creatinine clearance,CrCl,An estimate of kidney filtration used in evaluating renal function and medication dosing.,Labs & Diagnostics,Renal,High,Creatinine; eGFR,Curated core release,creatinine clearance crcl creatinine; egfr
73,Cyanosis,,Bluish discoloration of skin or mucous membranes associated with inadequate oxygenation or circulation.,Assessment,All,High,Hypoxemia; Oxygenation,Curated core release,cyanosis  hypoxemia; oxygenation
74,Decubitus ulcer,,An older term for a pressure injury.,Skin & Wound,All,Medium,Pressure injury; Repositioning,Curated core release,decubitus ulcer  pressure injury; repositioning
75,Deep vein thrombosis,DVT,"A blood clot in a deep vein, usually in the leg, that can embolize to the lungs.",Cardiovascular,Med-Surg,High,Pulmonary embolism; Anticoagulation,Curated core release,deep vein thrombosis dvt pulmonary embolism; anticoagulation
76,Dehydration,,A deficit of body water that may impair circulation and electrolyte balance.,Fluids & Electrolytes,All,High,Hypovolemia; Fluid balance,Curated core release,dehydration  hypovolemia; fluid balance
77,Delegation,,Assignment of an appropriate task to another qualified person while retaining accountability for the decision to delegate.,Leadership,All,High,Five rights of delegation; UAP,Curated core release,delegation  five rights of delegation; uap
78,Delirium,,"An acute, fluctuating disturbance in attention and cognition, often caused by an underlying medical problem.",Neurologic,Geriatrics,High,Dementia; Acute confusion,Curated core release,delirium  dementia; acute confusion
79,Dementia,,A chronic decline in cognitive function that interferes with daily life.,Neurologic,Geriatrics,High,Delirium; Cognition,Curated core release,dementia  delirium; cognition
80,Diabetic ketoacidosis,DKA,"A life-threatening complication of diabetes involving hyperglycemia, ketone production, dehydration, and metabolic acidosis.",Endocrine,ER,High,Kussmaul respirations; Insulin,Curated core release,diabetic ketoacidosis dka kussmaul respirations; insulin
81,Diarrhea,,Frequent loose or watery stools.,Gastrointestinal,All,Medium,Dehydration; C. difficile,Curated core release,diarrhea  dehydration; c. difficile
82,Diastolic blood pressure,DBP,The arterial pressure when the ventricles relax between contractions.,Cardiovascular,All,High,Systolic blood pressure; MAP,Curated core release,diastolic blood pressure dbp systolic blood pressure; map
83,Diuresis,,Increased production and excretion of urine.,Renal,Med-Surg,Medium,Diuretic; Fluid balance,Curated core release,diuresis  diuretic; fluid balance
84,Diuretic,,A medication that increases urine production to remove sodium and water.,Pharmacology,Cardiac,High,Furosemide; Electrolytes,Curated core release,diuretic  furosemide; electrolytes
85,Do not resuscitate,DNR,A medical order indicating that CPR should not be started if breathing or heartbeat stops.,Ethics & Legal,All,High,Code status; Advance directive,Curated core release,do not resuscitate dnr code status; advance directive
86,Droplet precautions,,Measures used for pathogens spread mainly by large respiratory droplets over short distances.,Infection Control,All,High,Surgical mask; Isolation,Curated core release,droplet precautions  surgical mask; isolation
87,Dysphagia,,Difficulty swallowing.,Gastrointestinal,All,High,Aspiration; Swallow evaluation,Curated core release,dysphagia  aspiration; swallow evaluation
88,Dyspnea,,The subjective sensation of difficult or uncomfortable breathing.,Respiratory,All,High,Shortness of breath; Hypoxemia,Curated core release,dyspnea  shortness of breath; hypoxemia
89,Dysuria,,Pain or burning with urination.,Renal,All,Medium,UTI; Urinalysis,Curated core release,dysuria  uti; urinalysis
90,Ecchymosis,,A larger area of skin discoloration caused by bleeding under the skin.,Skin & Wound,All,Medium,Bruising; Bleeding,Curated core release,ecchymosis  bruising; bleeding
91,Edema,,Swelling caused by excess fluid in body tissues.,Assessment,All,High,Fluid overload; Pitting edema,Curated core release,edema  fluid overload; pitting edema
92,Ejection fraction,EF,The percentage of blood ejected from a ventricle with each contraction.,Cardiovascular,Cardiac,High,Heart failure; Echocardiogram,Curated core release,ejection fraction ef heart failure; echocardiogram
93,Electrocardiogram,ECG/EKG,A recording of the heart's electrical activity.,Labs & Diagnostics,Cardiac,High,Dysrhythmia; 12-lead ECG,Curated core release,electrocardiogram ecg/ekg dysrhythmia; 12-lead ecg
94,Electrolyte,,"A charged mineral in body fluids that supports functions such as nerve signaling, muscle contraction, and fluid balance.",Fluids & Electrolytes,All,High,Sodium; Potassium,Curated core release,electrolyte  sodium; potassium
95,Embolus,,Material traveling through the bloodstream that can block a vessel.,Cardiovascular,All,High,Thrombus; Pulmonary embolism,Curated core release,embolus  thrombus; pulmonary embolism
96,Enteral nutrition,,"Nutrition delivered through the gastrointestinal tract, often by feeding tube.",Nutrition,All,High,NG tube; Aspiration,Curated core release,enteral nutrition  ng tube; aspiration
97,Epinephrine,,A medication and hormone used in emergencies such as anaphylaxis and cardiac arrest.,Pharmacology,ER,High,Anaphylaxis; Vasopressor,Curated core release,epinephrine  anaphylaxis; vasopressor
98,Extravasation,,"Leakage of a vesicant medication or solution from a vein into surrounding tissue, potentially causing tissue injury.",IV Therapy,All,High,Infiltration; Vesicant,Curated core release,extravasation  infiltration; vesicant
99,Fall risk,,The likelihood that a patient may fall based on clinical and environmental factors.,Safety,All,High,Fall precautions; Mobility,Curated core release,fall risk  fall precautions; mobility
100,FAST,,"A stroke-recognition mnemonic: Face drooping, Arm weakness, Speech difficulty, Time to call emergency services.",Neurologic,ER,High,Stroke; CVA,Curated core release,fast  stroke; cva
101,Febrile,,Having a fever.,Assessment,All,Medium,Fever; Afebrile,Curated core release,febrile  fever; afebrile
102,Fever,,"An elevation in body temperature, often related to infection or inflammation.",Assessment,All,High,Pyrexia; Infection,Curated core release,fever  pyrexia; infection
103,Fluid overload,,"Excess body fluid that may cause edema, weight gain, hypertension, or pulmonary congestion.",Fluids & Electrolytes,Med-Surg,High,Edema; Heart failure,Curated core release,fluid overload  edema; heart failure
104,Foley catheter,,An indwelling urinary catheter held in the bladder by an inflated balloon.,Renal,All,High,CAUTI; Urinary catheter,Curated core release,foley catheter  cauti; urinary catheter
105,Furosemide,,A loop diuretic used to remove excess fluid and treat conditions such as edema and heart failure.,Pharmacology,Cardiac,High,Diuretic; Potassium,Curated core release,furosemide  diuretic; potassium
106,Gait,,The manner or pattern of walking.,Assessment,All,Medium,Mobility; Fall risk,Curated core release,gait  mobility; fall risk
107,Glasgow Coma Scale,GCS,"A standardized score assessing eye, verbal, and motor responses to estimate level of consciousness.",Neurologic,ER,High,Level of consciousness; Neuro assessment,Curated core release,glasgow coma scale gcs level of consciousness; neuro assessment
108,Glomerular filtration rate,GFR,A measure or estimate of how effectively the kidneys filter blood.,Labs & Diagnostics,Renal,High,eGFR; Creatinine,Curated core release,glomerular filtration rate gfr egfr; creatinine
109,Hand hygiene,,Cleaning hands with soap and water or alcohol-based hand rub to reduce transmission of microorganisms.,Infection Control,All,High,Standard precautions; Infection prevention,Curated core release,hand hygiene  standard precautions; infection prevention
110,Heart failure,HF,A clinical syndrome in which the heart cannot pump or fill effectively enough to meet the body's needs.,Cardiovascular,Cardiac,High,Ejection fraction; Fluid overload,Curated core release,heart failure hf ejection fraction; fluid overload
111,Hematocrit,Hct,The percentage of blood volume made up of red blood cells.,Labs & Diagnostics,All,High,Hemoglobin; Anemia,Curated core release,hematocrit hct hemoglobin; anemia
112,Hematuria,,Blood in the urine.,Renal,All,Medium,Urinalysis; UTI,Curated core release,hematuria  urinalysis; uti
113,Hemiparesis,,Weakness affecting one side of the body.,Neurologic,Neuro,High,Stroke; Hemiplegia,Curated core release,hemiparesis  stroke; hemiplegia
114,Hemiplegia,,Paralysis affecting one side of the body.,Neurologic,Neuro,High,Stroke; Hemiparesis,Curated core release,hemiplegia  stroke; hemiparesis
115,Hemoglobin,Hgb,The oxygen-carrying protein in red blood cells.,Labs & Diagnostics,All,High,Hematocrit; Anemia,Curated core release,hemoglobin hgb hematocrit; anemia
116,Hemorrhage,,Significant bleeding that can lead to reduced circulating volume and shock.,Emergency,All,High,Hypovolemic shock; Bleeding,Curated core release,hemorrhage  hypovolemic shock; bleeding
117,Heparin,,An anticoagulant that enhances antithrombin activity and reduces clot formation.,Pharmacology,All,High,aPTT; Bleeding; Anticoagulant,Curated core release,heparin  aptt; bleeding; anticoagulant
118,Hyperglycemia,,Blood glucose above the target or normal range.,Endocrine,All,High,Diabetes mellitus; Insulin,Curated core release,hyperglycemia  diabetes mellitus; insulin
119,Hyperkalemia,,An abnormally high blood potassium level that can cause dangerous cardiac changes.,Fluids & Electrolytes,Med-Surg,High,Potassium; ECG changes,Curated core release,hyperkalemia  potassium; ecg changes
120,Hypernatremia,,"An abnormally high blood sodium level, often reflecting a water deficit relative to sodium.",Fluids & Electrolytes,Med-Surg,High,Sodium; Dehydration,Curated core release,hypernatremia  sodium; dehydration
121,Hyperreflexia,,Exaggerated reflex responses.,Neurologic,L&D,High,Clonus; Preeclampsia,Curated core release,hyperreflexia  clonus; preeclampsia
122,Hypertension,HTN,Persistently elevated blood pressure.,Cardiovascular,All,High,Blood pressure; Stroke,Curated core release,hypertension htn blood pressure; stroke
123,Hyperthermia,,An abnormally elevated body temperature caused by failure of heat regulation rather than a regulated fever response.,Emergency,ER,Medium,Heat stroke; Temperature,Curated core release,hyperthermia  heat stroke; temperature
124,Hypoglycemia,,"Blood glucose below the expected range, potentially causing sweating, confusion, seizures, or loss of consciousness.",Endocrine,All,High,Glucose; Insulin,Curated core release,hypoglycemia  glucose; insulin
125,Hypokalemia,,An abnormally low blood potassium level that can affect muscles and cardiac rhythm.,Fluids & Electrolytes,Med-Surg,High,Potassium; Dysrhythmia,Curated core release,hypokalemia  potassium; dysrhythmia
126,Hyponatremia,,An abnormally low blood sodium level that can cause neurologic symptoms.,Fluids & Electrolytes,Med-Surg,High,Sodium; Seizure precautions,Curated core release,hyponatremia  sodium; seizure precautions
127,Hypotension,,Blood pressure low enough to reduce organ perfusion or cause symptoms.,Cardiovascular,All,High,Shock; Perfusion,Curated core release,hypotension  shock; perfusion
128,Hypovolemia,,Reduced circulating blood or fluid volume.,Fluids & Electrolytes,All,High,Dehydration; Hypovolemic shock,Curated core release,hypovolemia  dehydration; hypovolemic shock
129,Hypovolemic shock,,"Shock caused by inadequate circulating volume, often from blood or fluid loss.",Emergency,Critical Care,High,Hemorrhage; Perfusion,Curated core release,hypovolemic shock  hemorrhage; perfusion
130,Hypoxemia,,An abnormally low level of oxygen in arterial blood.,Respiratory,All,High,PaO2; Oxygen saturation,Curated core release,hypoxemia  pao2; oxygen saturation
131,Hypoxia,,Insufficient oxygen available to body tissues.,Respiratory,All,High,Hypoxemia; Cyanosis,Curated core release,hypoxia  hypoxemia; cyanosis
132,Ileus,,Reduced or absent intestinal motility causing impaired movement of contents through the bowel.,Gastrointestinal,Med-Surg,High,Bowel sounds; Abdominal distention,Curated core release,ileus  bowel sounds; abdominal distention
133,Immune response,,The body's coordinated reaction to substances recognized as foreign or harmful.,Immunology,All,Medium,Antigen; Antibody,Curated core release,immune response  antigen; antibody
134,Incentive spirometer,,"A device that encourages slow, deep inhalation to help prevent or treat atelectasis.",Respiratory,Med-Surg,High,Atelectasis; Postoperative care,Curated core release,incentive spirometer  atelectasis; postoperative care
135,Infarction,,Tissue death caused by prolonged loss of blood supply.,Cardiovascular,All,High,Ischemia; Myocardial infarction,Curated core release,infarction  ischemia; myocardial infarction
136,Infiltration,,Leakage of a nonvesicant IV solution into surrounding tissue.,IV Therapy,All,High,Extravasation; IV site,Curated core release,infiltration  extravasation; iv site
137,Informed consent,,A process in which a capable patient voluntarily agrees to a treatment after receiving adequate information about it.,Ethics & Legal,All,High,Autonomy; Capacity,Curated core release,informed consent  autonomy; capacity
138,Insulin,,A hormone that lowers blood glucose by facilitating glucose uptake and storage.,Endocrine,All,High,Diabetes mellitus; Hypoglycemia,Curated core release,insulin  diabetes mellitus; hypoglycemia
139,Intramuscular,IM,A route of medication administration into muscle tissue.,Medication Administration,All,High,Injection; Route,Curated core release,intramuscular im injection; route
140,Intravenous,IV,A route of administration directly into a vein.,IV Therapy,All,High,IV infusion; Venous access,Curated core release,intravenous iv iv infusion; venous access
141,Ischemia,,Inadequate blood flow and oxygen delivery to tissue.,Cardiovascular,All,High,Infarction; Angina,Curated core release,ischemia  infarction; angina
142,Isolation precautions,,Additional infection-control measures selected according to how a pathogen is transmitted.,Infection Control,All,High,Airborne; Droplet; Contact,Curated core release,isolation precautions  airborne; droplet; contact
143,Jaundice,,Yellowing of the skin or sclera caused by elevated bilirubin.,Gastrointestinal,Med-Surg,Medium,Bilirubin; Liver disease,Curated core release,jaundice  bilirubin; liver disease
144,Justice,,"The ethical principle of fairness in the distribution of care, benefits, risks, and resources.",Ethics & Legal,All,High,Ethics; Equity,Curated core release,justice  ethics; equity
145,Kussmaul respirations,,"Deep, rapid breathing associated with severe metabolic acidosis, classically diabetic ketoacidosis.",Respiratory,ER,High,DKA; Metabolic acidosis,Curated core release,kussmaul respirations  dka; metabolic acidosis
146,Lactate,,A laboratory marker that may rise with impaired tissue oxygen delivery or increased anaerobic metabolism.,Labs & Diagnostics,Critical Care,High,Sepsis; Shock,Curated core release,lactate  sepsis; shock
147,Leukocytosis,,An elevated white blood cell count.,Hematology,All,Medium,WBC; Infection,Curated core release,leukocytosis  wbc; infection
148,Leukopenia,,A reduced white blood cell count.,Hematology,Oncology,Medium,Neutropenia; Infection risk,Curated core release,leukopenia  neutropenia; infection risk
149,Level of consciousness,LOC,A description of a patient's alertness and responsiveness.,Neurologic,All,High,GCS; Neuro assessment,Curated core release,level of consciousness loc gcs; neuro assessment
150,Loading dose,,An initial larger dose used to reach a therapeutic drug level more quickly.,Pharmacology,All,Medium,Maintenance dose; Bolus,Curated core release,loading dose  maintenance dose; bolus
151,Mean arterial pressure,MAP,An estimate of average arterial pressure during one cardiac cycle and a useful indicator of organ perfusion.,Cardiovascular,Critical Care,High,Blood pressure; Perfusion,Curated core release,mean arterial pressure map blood pressure; perfusion
152,Medication reconciliation,,The process of creating and verifying an accurate medication list during transitions of care.,Safety,All,High,Medication safety; Transitions of care,Curated core release,medication reconciliation  medication safety; transitions of care
153,Metabolic acidosis,,An acid-base disorder characterized by low bicarbonate and decreased blood pH.,Acid-Base,Critical Care,High,DKA; Kussmaul respirations,Curated core release,metabolic acidosis  dka; kussmaul respirations
154,Metabolic alkalosis,,An acid-base disorder characterized by elevated bicarbonate and increased blood pH.,Acid-Base,Critical Care,High,Vomiting; Diuretics,Curated core release,metabolic alkalosis  vomiting; diuretics
155,Metastasis,,Spread of malignant cancer cells from the original site to another part of the body.,Oncology,Oncology,High,Cancer; Staging,Curated core release,metastasis  cancer; staging
156,Myocardial infarction,MI,Death of heart muscle caused by prolonged interruption of coronary blood flow.,Cardiovascular,Cardiac,High,ACS; Ischemia,Curated core release,myocardial infarction mi acs; ischemia
157,Nasogastric tube,NG tube,"A tube passed through the nose into the stomach for decompression, feeding, or medication administration.",Gastrointestinal,Med-Surg,High,Enteral feeding; Aspiration,Curated core release,nasogastric tube ng tube enteral feeding; aspiration
158,Negative-pressure room,,"A room designed so air flows into the room and is exhausted safely, helping contain airborne pathogens.",Infection Control,All,High,Airborne precautions; N95,Curated core release,negative-pressure room  airborne precautions; n95
159,Neutropenia,,"An abnormally low number of neutrophils, increasing infection risk.",Hematology,Oncology,High,ANC; Neutropenic precautions,Curated core release,neutropenia  anc; neutropenic precautions
160,Nitroglycerin,,A nitrate medication that dilates blood vessels and is commonly used to relieve ischemic chest pain.,Pharmacology,Cardiac,High,Angina; Blood pressure,Curated core release,nitroglycerin  angina; blood pressure
161,Nonmaleficence,,The ethical duty to avoid causing harm.,Ethics & Legal,All,High,Beneficence; Ethics,Curated core release,nonmaleficence  beneficence; ethics
162,Nosocomial infection,,An infection acquired in a healthcare setting; healthcare-associated infection is the preferred modern term.,Infection Control,All,Medium,HAI; Infection prevention,Curated core release,nosocomial infection  hai; infection prevention
163,NPO,Nothing by mouth,"An order indicating that a patient should not take food, fluids, or medications orally unless specifically permitted.",Fundamentals,All,High,Aspiration; Preoperative care,Curated core release,npo nothing by mouth aspiration; preoperative care
164,Oliguria,,Lower-than-expected urine output.,Renal,Med-Surg,High,Anuria; AKI,Curated core release,oliguria  anuria; aki
165,Ondansetron,,An antiemetic commonly used to prevent or treat nausea and vomiting.,Pharmacology,All,Medium,Antiemetic; QT interval,Curated core release,ondansetron  antiemetic; qt interval
166,Opioid,,"A class of drugs that acts on opioid receptors to produce analgesia and other effects, including respiratory depression.",Pharmacology,All,High,Naloxone; Respiratory depression,Curated core release,opioid  naloxone; respiratory depression
167,Orientation,,"Awareness of person, place, time, and situation.",Neurologic,All,High,Mental status; Confusion,Curated core release,orientation  mental status; confusion
168,Orthostatic hypotension,,"A drop in blood pressure associated with changing to an upright position, often causing dizziness or faintness.",Cardiovascular,All,High,Fall risk; Blood pressure,Curated core release,orthostatic hypotension  fall risk; blood pressure
169,Oxygen saturation,SpO2,"The percentage of hemoglobin carrying oxygen, commonly estimated by pulse oximetry.",Respiratory,All,High,Pulse oximetry; Hypoxemia,Curated core release,oxygen saturation spo2 pulse oximetry; hypoxemia
170,Palliative care,,Care focused on relief of symptoms and stress of serious illness at any stage of disease.,Palliative & Hospice,All,High,Hospice; Goals of care,Curated core release,palliative care  hospice; goals of care
171,Parenteral nutrition,PN,Nutrition delivered intravenously when the gastrointestinal tract cannot be used adequately.,Nutrition,Critical Care,High,TPN; Central line,Curated core release,parenteral nutrition pn tpn; central line
172,Patient-controlled analgesia,PCA,A medication delivery system that allows a patient to self-administer preset doses of analgesic within programmed safety limits.,Pain Management,All,High,Opioid; Respiratory assessment,Curated core release,patient-controlled analgesia pca opioid; respiratory assessment
173,Perfusion,,Delivery of oxygenated blood to body tissues.,Cardiovascular,All,High,Circulation; Shock,Curated core release,perfusion  circulation; shock
174,Peripherally inserted central catheter,PICC,A central venous catheter inserted through a peripheral vein for medium- or long-term access.,IV Therapy,All,High,Central line; CLABSI,Curated core release,peripherally inserted central catheter picc central line; clabsi
175,Petechiae,,Tiny pinpoint areas of bleeding under the skin or mucous membranes.,Skin & Wound,All,Medium,Platelets; Bleeding,Curated core release,petechiae  platelets; bleeding
176,Phlebitis,,"Inflammation of a vein, often causing pain, redness, warmth, or swelling along an IV site.",IV Therapy,All,High,Infiltration; IV therapy,Curated core release,phlebitis  infiltration; iv therapy
177,Pitting edema,,Edema that leaves an indentation after pressure is applied.,Assessment,All,Medium,Edema; Fluid overload,Curated core release,pitting edema  edema; fluid overload
178,Platelets,,Blood cell fragments essential for clot formation.,Hematology,All,High,Thrombocytopenia; Bleeding,Curated core release,platelets  thrombocytopenia; bleeding
179,Pneumonia,,Infection or inflammation of lung tissue that can impair gas exchange.,Respiratory,Med-Surg,High,Crackles; Hypoxemia,Curated core release,pneumonia  crackles; hypoxemia
180,Pneumothorax,,Air in the pleural space that can partially or completely collapse a lung.,Respiratory,ER,High,Tension pneumothorax; Chest tube,Curated core release,pneumothorax  tension pneumothorax; chest tube
181,Polyuria,,Production of abnormally large amounts of urine.,Renal,All,Medium,Diabetes mellitus; Diuresis,Curated core release,polyuria  diabetes mellitus; diuresis
182,Preeclampsia,,A pregnancy-specific hypertensive disorder with new-onset hypertension and associated organ dysfunction after 20 weeks of gestation.,Maternal-Newborn,L&D,High,Proteinuria; Magnesium sulfate,Curated core release,preeclampsia  proteinuria; magnesium sulfate
183,Preload,,The degree of ventricular filling and stretch before contraction.,Cardiovascular,Critical Care,High,Afterload; Stroke volume,Curated core release,preload  afterload; stroke volume
184,Pressure injury,,Localized damage to skin or underlying tissue caused by pressure or pressure combined with shear.,Skin & Wound,All,High,Repositioning; Skin assessment,Curated core release,pressure injury  repositioning; skin assessment
185,PRN,As needed,A medication or treatment order given when a defined need or condition is present.,Pharmacology,All,High,Medication order; Indication,Curated core release,prn as needed medication order; indication
186,Proteinuria,,Excess protein in the urine.,Renal,L&D,High,Preeclampsia; Kidney disease,Curated core release,proteinuria  preeclampsia; kidney disease
187,Pulse oximetry,,A noninvasive method for estimating oxygen saturation.,Respiratory,All,High,SpO2; Hypoxemia,Curated core release,pulse oximetry  spo2; hypoxemia
188,Range of motion,ROM,The extent of movement possible at a joint.,Mobility,All,Medium,Contracture; Mobility,Curated core release,range of motion rom contracture; mobility
189,Rebound tenderness,,"Pain that worsens when pressure on the abdomen is suddenly released, suggesting peritoneal irritation.",Assessment,ER,High,Peritonitis; Abdominal assessment,Curated core release,rebound tenderness  peritonitis; abdominal assessment
190,Respiratory acidosis,,"An acid-base disorder caused by inadequate carbon dioxide elimination, leading to increased PaCO2 and decreased pH.",Acid-Base,Critical Care,High,Hypoventilation; ABG,Curated core release,respiratory acidosis  hypoventilation; abg
191,Respiratory alkalosis,,"An acid-base disorder caused by excessive carbon dioxide elimination, leading to decreased PaCO2 and increased pH.",Acid-Base,Critical Care,High,Hyperventilation; ABG,Curated core release,respiratory alkalosis  hyperventilation; abg
192,Respiratory depression,,Breathing that is too slow or shallow to provide adequate ventilation.,Respiratory,All,High,Opioid; Naloxone,Curated core release,respiratory depression  opioid; naloxone
193,Rhonchi,,"Low-pitched, coarse breath sounds often associated with secretions in larger airways.",Assessment,Respiratory,Medium,Crackles; Wheeze,Curated core release,rhonchi  crackles; wheeze
194,SBAR,"Situation, Background, Assessment, Recommendation",A structured communication framework used to organize concise clinical handoffs and updates.,Communication,All,High,Handoff; Clinical communication,Curated core release,"sbar situation, background, assessment, recommendation handoff; clinical communication"
195,Seizure precautions,,Safety measures used to reduce injury risk in a patient at risk for seizures.,Safety,All,High,Seizure; Airway,Curated core release,seizure precautions  seizure; airway
196,Sepsis,,Life-threatening organ dysfunction caused by a dysregulated response to infection.,Emergency,Critical Care,High,Lactate; Septic shock,Curated core release,sepsis  lactate; septic shock
197,Septic shock,,A severe form of sepsis with persistent circulatory and metabolic abnormalities that markedly increase mortality risk.,Emergency,Critical Care,High,Sepsis; Vasopressor,Curated core release,septic shock  sepsis; vasopressor
198,Shock,,A state of inadequate tissue perfusion that can lead to organ dysfunction.,Emergency,Critical Care,High,Hypotension; Perfusion,Curated core release,shock  hypotension; perfusion
199,Side effect,,"A secondary effect of a medication that may be expected and can be beneficial, neutral, or undesirable.",Pharmacology,All,High,Adverse effect; Medication,Curated core release,side effect  adverse effect; medication
200,Standard precautions,,Baseline infection-prevention practices used for the care of all patients.,Infection Control,All,High,Hand hygiene; PPE,Curated core release,standard precautions  hand hygiene; ppe
201,Stroke volume,SV,The amount of blood ejected by a ventricle with each heartbeat.,Cardiovascular,Critical Care,Medium,Cardiac output; Preload,Curated core release,stroke volume sv cardiac output; preload
202,Subcutaneous,SubQ,A route of medication administration into tissue beneath the skin.,Medication Administration,All,High,Insulin; Heparin,Curated core release,subcutaneous subq insulin; heparin
203,Syncope,,A brief loss of consciousness caused by temporary reduction in blood flow to the brain.,Neurologic,All,Medium,Fainting; Orthostatic hypotension,Curated core release,syncope  fainting; orthostatic hypotension
204,Systolic blood pressure,SBP,The arterial pressure during ventricular contraction.,Cardiovascular,All,High,Diastolic blood pressure; MAP,Curated core release,systolic blood pressure sbp diastolic blood pressure; map
205,Tachycardia,,A heart rate faster than the expected range for the patient's age and condition.,Cardiovascular,All,High,Heart rate; Dysrhythmia,Curated core release,tachycardia  heart rate; dysrhythmia
206,Tachypnea,,A respiratory rate faster than the expected range.,Respiratory,All,High,Dyspnea; Respiratory distress,Curated core release,tachypnea  dyspnea; respiratory distress
207,Thrombocytopenia,,A lower-than-normal platelet count that can increase bleeding risk.,Hematology,All,High,Platelets; Bleeding precautions,Curated core release,thrombocytopenia  platelets; bleeding precautions
208,Thrombus,,A blood clot that forms within a vessel or the heart.,Cardiovascular,All,High,Embolus; DVT,Curated core release,thrombus  embolus; dvt
209,Total parenteral nutrition,TPN,"A concentrated intravenous nutrition solution that supplies macronutrients and micronutrients, often through central venous access.",Nutrition,Critical Care,High,Parenteral nutrition; Central line,Curated core release,total parenteral nutrition tpn parenteral nutrition; central line
210,Triage,,The process of prioritizing patients according to urgency and clinical need.,Emergency,ER,High,Acuity; Prioritization,Curated core release,triage  acuity; prioritization
211,Urinary tract infection,UTI,An infection involving part of the urinary system.,Renal,All,High,CAUTI; Dysuria,Curated core release,urinary tract infection uti cauti; dysuria
212,Vasopressor,,A medication that raises vascular tone and blood pressure to support perfusion.,Pharmacology,Critical Care,High,Norepinephrine; Shock,Curated core release,vasopressor  norepinephrine; shock
213,Ventilation,,Movement of air into and out of the lungs.,Respiratory,All,High,Oxygenation; PaCO2,Curated core release,ventilation  oxygenation; paco2
214,Vesicant,,A substance that can cause severe tissue damage if it leaks outside the vein.,IV Therapy,Oncology,High,Extravasation; Chemotherapy,Curated core release,vesicant  extravasation; chemotherapy
215,Warfarin,,An oral anticoagulant that reduces synthesis of vitamin K-dependent clotting factors.,Pharmacology,All,High,INR; Bleeding,Curated core release,warfarin  inr; bleeding
216,Wheezing,,A high-pitched musical breath sound caused by narrowed airways.,Assessment,Respiratory,High,Bronchospasm; Asthma,Curated core release,wheezing  bronchospasm; asthma
217,White blood cell count,WBC,"A measurement of circulating white blood cells used in evaluating infection, inflammation, and bone marrow function.",Labs & Diagnostics,All,High,Leukocytosis; Leukopenia,Curated core release,white blood cell count wbc leukocytosis; leukopenia
